{
  "cache_metrics": {
    "lambda_ir_gev": 408.37995671172456,
    "mkk_gev": 1000.0,
    "n_gauge_modes": 512,
    "omega_precomputed": true,
    "quadrature_order": 4096,
    "spline_grid_size": 241,
    "spline_max_a_rel_err": 4.755947824313214e-08,
    "spline_max_modes": 512,
    "spline_verify_points": 41
  },
  "complete": true,
  "config_hash": "ba868cdea6c09756",
  "constraint_active": 12838,
  "constraint_evaluated": 12838,
  "constraint_evaluations": 13493,
  "constraint_exception_rate": 0.04854368932038835,
  "constraint_exceptions": 655,
  "exception_ids": {
    "E001": 131,
    "E002": 131,
    "L006": 131,
    "L010": 131,
    "L023": 131
  },
  "hard_not_evaluated": {
    "B005": 131,
    "B006": 131,
    "B007": 131,
    "B008": 131,
    "B009": 131,
    "B025": 131,
    "C004": 131,
    "C005": 131,
    "E001": 131,
    "E002": 131,
    "K006": 131,
    "K012": 131,
    "K017": 131,
    "L006": 131,
    "L010": 131,
    "L023": 131,
    "T001": 131,
    "T002": 131,
    "T010": 131,
    "T011": 131,
    "T015": 131,
    "T016": 131,
    "T017": 131
  },
  "hard_vetoes_proxy": {
    "B011": 131,
    "B012": 131,
    "B013": 82,
    "B015": 131,
    "B016": 131,
    "B018": 23,
    "B019": 18,
    "B021": 131,
    "CR001": 131,
    "CR002": 131,
    "CR003": 131,
    "CR004": 131,
    "CR005": 131,
    "CR006": 131,
    "CR008": 131,
    "CR009": 131,
    "CR010": 131,
    "CR012": 131,
    "CR013": 131,
    "EW001": 131,
    "K010": 120,
    "L002": 29,
    "L004": 29,
    "L005": 30,
    "L007": 23,
    "L008": 15
  },
  "hard_vetoes_rigorous": {
    "B003": 131,
    "B004": 131,
    "B022": 131,
    "B023": 131,
    "K001": 131,
    "K004": 131,
    "L001": 59
  },
  "n_evaluated_points": 131,
  "n_requested": 2500,
  "n_rows": 2500,
  "n_skipped": 2369,
  "provenance": {
    "dirty": true,
    "git_sha": "659ef21e6878f2337d235b26c4fa701bf06280f7",
    "registry_count": 103,
    "schema": "full_catalog_scan_w6b_row_v1"
  },
  "seed": 20260604,
  "skip_reasons": {
    "nonperturbative_lepton_yukawa": 2368,
    "quark_fit_failed": 1
  },
  "survives_all_HARD_inclusive": 0,
  "survives_all_HARD_strict": 0,
  "tag_counts": {
    "partial": 3930,
    "proxy": 6288,
    "rigorous": 2620,
    "stub": 655
  },
  "tile_id": 0,
  "timing": {
    "cache_build_seconds": 57.753093376988545,
    "draw_loop_seconds": 953.3299496659893,
    "elapsed_seconds": 1011.083063233993,
    "post_cache_seconds_per_draw": 0.3813319798663957,
    "post_cache_seconds_per_evaluated_point": 7.27732786004572
  }
}
