{
  "config": {
    "mkk_values_GeV": [
      3000.0,
      5000.0,
      7000.0,
      10000.0,
      15000.0,
      20000.0,
      30000.0,
      50000.0
    ],
    "n_draws_per_tile": 200000,
    "c_Q": [
      0.63,
      0.57,
      0.2
    ],
    "c_u": [
      0.66,
      0.5,
      -0.5
    ],
    "c_d": [
      0.66,
      0.61,
      0.55
    ],
    "xi_KK": 2.4487,
    "k_GeV": 1.2209e+19,
    "v_GeV": 174.0,
    "y_half_range": 1.5,
    "y_floor": 0.1,
    "y_prior": "gaussian",
    "y_sigma": 1.0,
    "y_trunc_sigma": 3.0,
    "pdg_mass_factor": 3.0,
    "pdg_ckm_factor": 3.0,
    "pdg_j_factor": 5.0,
    "base_seed": 20260506
  },
  "elapsed_seconds": 898.8555760383606,
  "tiles": [
    {
      "M_KK_GeV": 3000.0,
      "Lambda_IR_GeV": 1225.1398701351736,
      "epsilon": 1.0034727415309802e-16,
      "n_draws": 200000,
      "n_ok": 200000,
      "n_pdg_pass": 26645,
      "pdg_pass_fraction": 0.133225,
      "f_Q": [
        0.0030004226724036393,
        0.020132985544753543,
        0.5477225575741002
      ],
      "f_u": [
        0.001102306918328204,
        0.11650313197375224,
        1.0
      ],
      "f_d": [
        0.001102306918328204,
        0.005766703119717063,
        0.03589933367875972
      ],
      "max_ratio_percentiles_all": {
        "p05": 1.1970866353241423,
        "p25": 6.865925737309751,
        "p50": 19.844849820035662,
        "p75": 53.84758112793554,
        "p95": 236.78875656807634
      },
      "max_ratio_percentiles_pdg": {
        "p05": 1.185390810936112,
        "p25": 6.9734853375951396,
        "p50": 18.813578444510515,
        "p75": 45.26998886207476,
        "p95": 156.4502165730481
      },
      "per_system_pass_fraction_pdg": {
        "epsilon_K": 0.042146744229686624,
        "Delta_m_K": 0.999924939012948,
        "Delta_m_Bd": 0.9996622255582661,
        "Delta_m_Bs": 0.999887408519422,
        "Delta_m_D0": 0.9846500281478702
      },
      "per_system_pass_fraction_all": {
        "epsilon_K": 0.04612,
        "Delta_m_K": 0.99918,
        "Delta_m_Bd": 0.994935,
        "Delta_m_Bs": 0.980955,
        "Delta_m_D0": 0.89121
      }
    },
    {
      "M_KK_GeV": 5000.0,
      "Lambda_IR_GeV": 2041.8997835586229,
      "epsilon": 1.6724545692183002e-16,
      "n_draws": 200000,
      "n_ok": 200000,
      "n_pdg_pass": 29062,
      "pdg_pass_fraction": 0.14531,
      "f_Q": [
        0.003206453246840839,
        0.020870402809086114,
        0.5477225575988237
      ],
      "f_u": [
        0.001196185754197156,
        0.11731939694841162,
        1.0
      ],
      "f_d": [
        0.001196185754197156,
        0.006100125421390605,
        0.03685295885771162
      ],
      "max_ratio_percentiles_all": {
        "p05": 0.5561598825140879,
        "p25": 3.167732462332681,
        "p50": 9.068108243508217,
        "p75": 24.570569396110105,
        "p95": 107.03798015009734
      },
      "max_ratio_percentiles_pdg": {
        "p05": 0.5199899727694842,
        "p25": 2.995242281975427,
        "p50": 8.041223732829659,
        "p75": 19.625020313306614,
        "p95": 66.38245971870676
      },
      "per_system_pass_fraction_pdg": {
        "epsilon_K": 0.0946596930699883,
        "Delta_m_K": 1.0,
        "Delta_m_Bd": 1.0,
        "Delta_m_Bs": 1.0,
        "Delta_m_D0": 0.9991741793407198
      },
      "per_system_pass_fraction_all": {
        "epsilon_K": 0.09486,
        "Delta_m_K": 0.99992,
        "Delta_m_Bd": 0.999565,
        "Delta_m_Bs": 0.99802,
        "Delta_m_D0": 0.958945
      }
    },
    {
      "M_KK_GeV": 7000.0,
      "Lambda_IR_GeV": 2858.659696982072,
      "epsilon": 2.3414363969056204e-16,
      "n_draws": 200000,
      "n_ok": 200000,
      "n_pdg_pass": 29585,
      "pdg_pass_fraction": 0.147925,
      "f_Q": [
        0.0033498327685149696,
        0.021371006480895516,
        0.5477225576197754
      ],
      "f_u": [
        0.001262348686265633,
        0.11786652440411592,
        1.0
      ],
      "f_d": [
        0.001262348686265633,
        0.006330215461689808,
        0.03749563362641764
      ],
      "max_ratio_percentiles_all": {
        "p05": 0.32530181478049663,
        "p25": 1.8887829336969784,
        "p50": 5.388706304974642,
        "p75": 14.387264413461981,
        "p95": 62.86005044647298
      },
      "max_ratio_percentiles_pdg": {
        "p05": 0.29084962814450116,
        "p25": 1.7739621678827686,
        "p50": 4.767892720199321,
        "p75": 11.376752906487647,
        "p95": 38.349548221933105
      },
      "per_system_pass_fraction_pdg": {
        "epsilon_K": 0.15565320263647117,
        "Delta_m_K": 1.0,
        "Delta_m_Bd": 1.0,
        "Delta_m_Bs": 1.0,
        "Delta_m_D0": 0.9998647963495014
      },
      "per_system_pass_fraction_all": {
        "epsilon_K": 0.150215,
        "Delta_m_K": 1.0,
        "Delta_m_Bd": 0.99991,
        "Delta_m_Bs": 0.999775,
        "Delta_m_D0": 0.979765
      }
    },
    {
      "M_KK_GeV": 10000.0,
      "Lambda_IR_GeV": 4083.7995671172457,
      "epsilon": 3.3449091384366005e-16,
      "n_draws": 200000,
      "n_ok": 200000,
      "n_pdg_pass": 29304,
      "pdg_pass_fraction": 0.14652,
      "f_Q": [
        0.0035088289920410147,
        0.021914959291988025,
        0.5477225576471245
      ],
      "f_u": [
        0.0013364844419359082,
        0.11845494349736,
        1.0
      ],
      "f_d": [
        0.0013364844419359082,
        0.006583611046548584,
        0.038189820652857205
      ],
      "max_ratio_percentiles_all": {
        "p05": 0.19016586300409358,
        "p25": 1.0975315057887007,
        "p50": 3.1110501365353698,
        "p75": 8.308887029498251,
        "p95": 35.50388688972083
      },
      "max_ratio_percentiles_pdg": {
        "p05": 0.17386413353689695,
        "p25": 1.0346424613678329,
        "p50": 2.6921936508534476,
        "p75": 6.383186584729423,
        "p95": 21.13923734102583
      },
      "per_system_pass_fraction_pdg": {
        "epsilon_K": 0.24372099372099373,
        "Delta_m_K": 1.0,
        "Delta_m_Bd": 1.0,
        "Delta_m_Bs": 1.0,
        "Delta_m_D0": 1.0
      },
      "per_system_pass_fraction_all": {
        "epsilon_K": 0.234695,
        "Delta_m_K": 1.0,
        "Delta_m_Bd": 0.99998,
        "Delta_m_Bs": 1.0,
        "Delta_m_D0": 0.99092
      }
    },
    {
      "M_KK_GeV": 15000.0,
      "Lambda_IR_GeV": 6125.699350675869,
      "epsilon": 5.017363707654901e-16,
      "n_draws": 200000,
      "n_ok": 200000,
      "n_pdg_pass": 27821,
      "pdg_pass_fraction": 0.139105,
      "f_Q": [
        0.0036987617077780086,
        0.022550391742525808,
        0.5477225576862234
      ],
      "f_u": [
        0.0014260634359602594,
        0.11913467716811964,
        1.0
      ],
      "f_d": [
        0.0014260634359602594,
        0.006884021010590199,
        0.03899549524712501
      ],
      "max_ratio_percentiles_all": {
        "p05": 0.10128456780067147,
        "p25": 0.5890444861310837,
        "p50": 1.6724102616188414,
        "p75": 4.432177501230283,
        "p95": 19.151207292139322
      },
      "max_ratio_percentiles_pdg": {
        "p05": 0.09300695403312272,
        "p25": 0.5382655367118525,
        "p50": 1.4460981313224748,
        "p75": 3.391525515106666,
        "p95": 11.081861828701676
      },
      "per_system_pass_fraction_pdg": {
        "epsilon_K": 0.3952410049962259,
        "Delta_m_K": 1.0,
        "Delta_m_Bd": 1.0,
        "Delta_m_Bs": 1.0,
        "Delta_m_D0": 1.0
      },
      "per_system_pass_fraction_all": {
        "epsilon_K": 0.367745,
        "Delta_m_K": 1.0,
        "Delta_m_Bd": 1.0,
        "Delta_m_Bs": 1.0,
        "Delta_m_D0": 0.996545
      }
    },
    {
      "M_KK_GeV": 20000.0,
      "Lambda_IR_GeV": 8167.599134234491,
      "epsilon": 6.689818276873201e-16,
      "n_draws": 200000,
      "n_ok": 200000,
      "n_pdg_pass": 26296,
      "pdg_pass_fraction": 0.13148,