{
  "cache_metrics": {
    "lambda_ir_gev": 408.37995671172456,
    "mkk_gev": 1000.0,
    "n_gauge_modes": 512,
    "omega_precomputed": true,
    "quadrature_order": 4096,
    "spline_grid_size": 241,
    "spline_max_a_rel_err": 4.755947824313214e-08,
    "spline_max_modes": 512,
    "spline_verify_points": 41
  },
  "complete": true,
  "config_hash": "b5e7435b6d127e36",
  "constraint_active": 13524,
  "constraint_evaluated": 13524,
  "constraint_evaluations": 14214,
  "constraint_exception_rate": 0.04854368932038835,
  "constraint_exceptions": 690,
  "exception_ids": {
    "E001": 138,
    "E002": 138,
    "L006": 138,
    "L010": 138,
    "L023": 138
  },
  "hard_not_evaluated": {
    "B005": 138,
    "B006": 138,
    "B007": 138,
    "B008": 138,
    "B009": 138,
    "B025": 138,
    "C004": 138,
    "C005": 138,
    "E001": 138,
    "E002": 138,
    "K006": 138,
    "K012": 138,
    "K017": 138,
    "L006": 138,
    "L010": 138,
    "L023": 138,
    "T001": 138,
    "T002": 138,
    "T010": 138,
    "T011": 138,
    "T015": 138,
    "T016": 138,
    "T017": 138
  },
  "hard_vetoes_proxy": {
    "B011": 138,
    "B012": 138,
    "B013": 70,
    "B015": 138,
    "B016": 138,
    "B018": 30,
    "B019": 31,
    "B021": 138,
    "CR001": 138,
    "CR002": 138,
    "CR003": 138,
    "CR004": 138,
    "CR005": 138,
    "CR006": 138,
    "CR008": 138,
    "CR009": 138,
    "CR010": 138,
    "CR012": 138,
    "CR013": 138,
    "EW001": 138,
    "K010": 129,
    "L002": 33,
    "L004": 32,
    "L005": 33,
    "L007": 23,
    "L008": 16
  },
  "hard_vetoes_rigorous": {
    "B003": 138,
    "B004": 138,
    "B022": 138,
    "B023": 138,
    "K001": 138,
    "K004": 138,
    "L001": 57
  },
  "n_evaluated_points": 138,
  "n_requested": 2500,
  "n_rows": 2500,
  "n_skipped": 2362,
  "provenance": {
    "dirty": true,
    "git_sha": "659ef21e6878f2337d235b26c4fa701bf06280f7",
    "registry_count": 103,
    "schema": "full_catalog_scan_w6b_row_v1"
  },
  "seed": 20260604,
  "skip_reasons": {
    "nonperturbative_lepton_yukawa": 2361,
    "quark_fit_failed": 1
  },
  "survives_all_HARD_inclusive": 0,
  "survives_all_HARD_strict": 0,
  "tag_counts": {
    "partial": 4140,
    "proxy": 6624,
    "rigorous": 2760,
    "stub": 690
  },
  "tile_id": 0,
  "timing": {
    "cache_build_seconds": 58.109496565011796,
    "draw_loop_seconds": 977.1476448620087,
    "elapsed_seconds": 1035.2571645319986,
    "post_cache_seconds_per_draw": 0.3908590579448035,
    "post_cache_seconds_per_evaluated_point": 7.080780035231948
  }
}
