{
  "config": {
    "mkk_values_GeV": [
      3000.0,
      5000.0,
      7000.0,
      10000.0,
      15000.0,
      20000.0,
      30000.0,
      50000.0
    ],
    "n_draws_per_tile": 200000,
    "c_Q": [
      0.58,
      0.52,
      0.15
    ],
    "c_u": [
      0.61,
      0.45,
      -0.55
    ],
    "c_d": [
      0.61,
      0.56,
      0.5
    ],
    "xi_KK": 2.4487,
    "k_GeV": 1.2209e+19,
    "v_GeV": 174.0,
    "y_half_range": 1.5,
    "y_floor": 0.1,
    "y_prior": "uniform",
    "y_sigma": 1.0,
    "y_trunc_sigma": 3.0,
    "pdg_mass_factor": 3.0,
    "pdg_ckm_factor": 3.0,
    "pdg_j_factor": 5.0,
    "base_seed": 20260506
  },
  "elapsed_seconds": 820.9020276069641,
  "tiles": [
    {
      "M_KK_GeV": 3000.0,
      "Lambda_IR_GeV": 1225.1398701351736,
      "epsilon": 1.0034727415309802e-16,
      "n_draws": 200000,
      "n_ok": 200000,
      "n_pdg_pass": 0,
      "pdg_pass_fraction": 0.0,
      "f_Q": [
        0.014868414880374919,
        0.0770994548920197,
        0.5916079783118325
      ],
      "f_u": [
        0.005766703119717063,
        0.22647022355837185,
        1.02469507659596
      ],
      "f_d": [
        0.005766703119717063,
        0.027026733803590396,
        0.11650313197375224
      ],
      "max_ratio_percentiles_all": {
        "p05": 525.9683440088492,
        "p25": 2918.9389790873042,
        "p50": 7482.702757505413,
        "p75": 17752.31104633846,
        "p95": 59544.14909547419
      },
      "per_system_pass_fraction_all": {
        "epsilon_K": 0.000105,
        "Delta_m_K": 0.164725,
        "Delta_m_Bd": 0.47099,
        "Delta_m_Bs": 0.384565,
        "Delta_m_D0": 0.01297
      }
    },
    {
      "M_KK_GeV": 5000.0,
      "Lambda_IR_GeV": 2041.8997835586229,
      "epsilon": 1.6724545692183002e-16,
      "n_draws": 200000,
      "n_ok": 200000,
      "n_pdg_pass": 0,
      "pdg_pass_fraction": 0.0,
      "f_Q": [
        0.015490437397005554,
        0.07813123568223973,
        0.5916079783126368
      ],
      "f_u": [
        0.006100125421390605,
        0.2266233451711632,
        1.02469507659596
      ],
      "f_d": [
        0.006100125421390605,
        0.02787864562070385,
        0.11731939694841162
      ],
      "max_ratio_percentiles_all": {
        "p05": 213.84908004004473,
        "p25": 1209.0778664029033,
        "p50": 3088.2293587337026,
        "p75": 7312.43270795914,
        "p95": 24014.318205647818
      },
      "per_system_pass_fraction_all": {
        "epsilon_K": 0.000195,
        "Delta_m_K": 0.406795,
        "Delta_m_Bd": 0.77808,
        "Delta_m_Bs": 0.773175,
        "Delta_m_D0": 0.053655
      }
    },
    {
      "M_KK_GeV": 7000.0,
      "Lambda_IR_GeV": 2858.659696982072,
      "epsilon": 2.3414363969056204e-16,
      "n_draws": 200000,
      "n_ok": 200000,
      "n_pdg_pass": 0,
      "pdg_pass_fraction": 0.0,
      "f_Q": [
        0.015914388351185468,
        0.07882195147716815,
        0.5916079783133472
      ],
      "f_u": [
        0.006330215461689808,
        0.2267287422032031,
        1.02469507659596
      ],
      "f_d": [
        0.006330215461689808,
        0.028454783261078757,
        0.11786652440411592
      ],
      "max_ratio_percentiles_all": {
        "p05": 120.20849990920281,
        "p25": 674.3023308594724,
        "p50": 1723.4427895462563,
        "p75": 4053.7395365556918,
        "p95": 13160.687835759518
      },
      "per_system_pass_fraction_all": {
        "epsilon_K": 0.00043,
        "Delta_m_K": 0.592795,
        "Delta_m_Bd": 0.908295,
        "Delta_m_Bs": 0.92499,
        "Delta_m_D0": 0.12743
      }
    },
    {
      "M_KK_GeV": 10000.0,
      "Lambda_IR_GeV": 4083.7995671172457,
      "epsilon": 3.3449091384366005e-16,
      "n_draws": 200000,
      "n_ok": 200000,
      "n_pdg_pass": 0,
      "pdg_pass_fraction": 0.0,
      "f_Q": [
        0.016376552620280222,
        0.07956401311310031,
        0.5916079783143074
      ],
      "f_u": [
        0.006583611046548584,
        0.2268445776330071,
        1.02469507659596
      ],
      "f_d": [
        0.006583611046548584,
        0.029078873644503324,
        0.11845494349736
      ],
      "max_ratio_percentiles_all": {
        "p05": 65.23063271502542,
        "p25": 366.5489902948208,
        "p50": 926.345949815151,
        "p75": 2175.813190378392,
        "p95": 7029.343876724813
      },
      "per_system_pass_fraction_all": {
        "epsilon_K": 0.000845,
        "Delta_m_K": 0.770425,
        "Delta_m_Bd": 0.9743,
        "Delta_m_Bs": 0.99058,
        "Delta_m_D0": 0.26448
      }
    },
    {
      "M_KK_GeV": 15000.0,
      "Lambda_IR_GeV": 6125.699350675869,
      "epsilon": 5.017363707654901e-16,
      "n_draws": 200000,
      "n_ok": 200000,
      "n_pdg_pass": 0,
      "pdg_pass_fraction": 0.0,
      "f_Q": [
        0.016918372505218906,
        0.0804202180335112,
        0.5916079783157338
      ],
      "f_u": [
        0.006884021010590199,
        0.2269816042096111,
        1.02469507659596
      ],
      "f_d": [
        0.006884021010590199,
        0.029805450524545116,
        0.11913467716811964
      ],
      "max_ratio_percentiles_all": {
        "p05": 31.98978335695945,
        "p25": 181.62324150744357,
        "p50": 462.02471890485094,
        "p75": 1076.8807993962903,
        "p95": 3450.6205727812976
      },
      "per_system_pass_fraction_all": {
        "epsilon_K": 0.00153,
        "Delta_m_K": 0.9144,
        "Delta_m_Bd": 0.99661,
        "Delta_m_Bs": 1.0,
        "Delta_m_D0": 0.47003
      }
    },
    {
      "M_KK_GeV": 20000.0,
      "Lambda_IR_GeV": 8167.599134234491,
      "epsilon": 6.689818276873201e-16,
      "n_draws": 200000,
      "n_ok": 200000,
      "n_pdg_pass": 0,
      "pdg_pass_fraction": 0.0,
      "f_Q": [
        0.017313715709226955,
        0.08103604609018386,
        0.5916079783170214
      ],
      "f_u": [
        0.00710544955399221,
        0.22708240953866368,
        1.02469507659596
      ],
      "f_d": [
        0.00710544955399221,
        0.03033227422107945,
        0.11962411471150734
      ],
      "max_ratio_percentiles_all": {
        "p05": 19.902832489235525,
        "p25": 111.15406021232963,
        "p50": 279.85532847413657,
        "p75": 651.5961824305936,
        "p95": 2093.518522557235
      },
      "per_system_pass_fraction_all": {
        "epsilon_K": 0.002655,
        "Delta_m_K": 0.964715,
        "Delta_m_Bd": 0.99946,
        "Delta_m_Bs": 1.0,
        "Delta_m_D0": 0.620885
      }
    },
    {
      "M_KK_GeV": 30000.0,
      "Lambda_IR_GeV": 12251.398701351738,
      "epsilon": 1.0034727415309802e-15,
      "n_draws": 200000,
      "n_ok": 200000,
      "n_pdg_pass": 0,
      "pdg_pass_fraction": 0.0,
      "f_Q": [
        0.017886778358560843,
        0.08191604955179392,
        0.5916079783193385
      ],
      "f_u": [
        0.007429693502086217,
        0.2272297432796035,
        1.02469507659596
      ],
      "f_d": [
        0.007429693502086217,
        0.031091131740772413,
        0.12032429475899696
      ],
      "max_ratio_percentiles_all": {
        "p05": 9.619695355063154,
        "p25": 54.54719778758603,
        "p50": 137.9464234193356,
        "p75": 319.46054721769036,
        "p95": 1022.2979435191638
      },
      "per_system_pass_fraction_all": {
        "epsilon_K": 0.00542,
        "Delta_m_K": 0.99302,
        "Delta_m_Bd": 0.999975,
        "Delta_m_Bs": 1.0,
        "Delta_m_D0": 0.79709
      }
    },
    {
      "M_KK_GeV": 50000.0,
      "Lambda_IR_GeV": 20418.99783558623,
      "epsilon": 1.6724545692183003e-15,
      "n_draws": 200000,
      "n_ok": 200000,
      "n_pdg_pass": 0,
      "pdg_pass_fraction": 0.0,
      "f_Q": [
        0.018636055575934746,
        0.08304532301407642,
        0.5916079783233692
      ],
      "f_u": [
        0.007859360715662093,
        0.2274245107923742,
        1.02469507659596
      ],