{
  "config": {
    "mkk_values_GeV": [
      3000.0,
      5000.0,
      7000.0,
      10000.0,
      15000.0,
      20000.0,
      30000.0,
      50000.0
    ],
    "n_draws_per_tile": 1000000,
    "c_Q": [
      0.63,
      0.57,
      0.2
    ],
    "c_u": [
      0.66,
      0.5,
      -0.5
    ],
    "c_d": [
      0.66,
      0.61,
      0.55
    ],
    "xi_KK": 2.4487,
    "k_GeV": 1.2209e+19,
    "v_GeV": 174.0,
    "y_half_range": 1.5,
    "y_floor": 0.1,
    "y_prior": "uniform",
    "y_sigma": 1.0,
    "y_trunc_sigma": 3.0,
    "pdg_mass_factor": 3.0,
    "pdg_ckm_factor": 3.0,
    "pdg_j_factor": 5.0,
    "base_seed": 20260506
  },
  "elapsed_seconds": 3871.6554520130157,
  "tiles": [
    {
      "M_KK_GeV": 3000.0,
      "Lambda_IR_GeV": 1225.1398701351736,
      "epsilon": 1.0034727415309802e-16,
      "n_draws": 1000000,
      "n_ok": 1000000,
      "n_pdg_pass": 164080,
      "pdg_pass_fraction": 0.16408,
      "f_Q": [
        0.0030004226724036393,
        0.020132985544753543,
        0.5477225575741002
      ],
      "f_u": [
        0.001102306918328204,
        0.11650313197375224,
        1.0
      ],
      "f_d": [
        0.001102306918328204,
        0.005766703119717063,
        0.03589933367875972
      ],
      "max_ratio_percentiles_all": {
        "p05": 1.3117191490089322,
        "p25": 7.020388691453153,
        "p50": 18.349820784414042,
        "p75": 45.824233893948595,
        "p95": 175.0091174298731
      },
      "max_ratio_percentiles_pdg": {
        "p05": 1.2318569780263926,
        "p25": 6.810760754894677,
        "p50": 16.943894632566682,
        "p75": 38.01961600292814,
        "p95": 119.14909077372828
      },
      "per_system_pass_fraction_pdg": {
        "epsilon_K": 0.04088859093125305,
        "Delta_m_K": 0.9999939054119942,
        "Delta_m_Bd": 0.9999329595319356,
        "Delta_m_Bs": 1.0,
        "Delta_m_D0": 0.9893222818137494
      },
      "per_system_pass_fraction_all": {
        "epsilon_K": 0.040816,
        "Delta_m_K": 0.999796,
        "Delta_m_Bd": 0.997899,
        "Delta_m_Bs": 0.993551,
        "Delta_m_D0": 0.9148
      }
    },
    {
      "M_KK_GeV": 5000.0,
      "Lambda_IR_GeV": 2041.8997835586229,
      "epsilon": 1.6724545692183002e-16,
      "n_draws": 1000000,
      "n_ok": 1000000,
      "n_pdg_pass": 188928,
      "pdg_pass_fraction": 0.188928,
      "f_Q": [
        0.003206453246840839,
        0.020870402809086114,
        0.5477225575988237
      ],
      "f_u": [
        0.001196185754197156,
        0.11731939694841162,
        1.0
      ],
      "f_d": [
        0.001196185754197156,
        0.006100125421390605,
        0.03685295885771162
      ],
      "max_ratio_percentiles_all": {
        "p05": 0.5985504559187663,
        "p25": 3.223186720632585,
        "p50": 8.424052524584335,
        "p75": 20.90379071805114,
        "p95": 79.19125973088796
      },
      "max_ratio_percentiles_pdg": {
        "p05": 0.5460616161000935,
        "p25": 3.017153887829923,
        "p50": 7.517566577761518,
        "p75": 16.80155802680884,
        "p95": 50.83099156456609
      },
      "per_system_pass_fraction_pdg": {
        "epsilon_K": 0.0905053777100271,
        "Delta_m_K": 1.0,
        "Delta_m_Bd": 1.0,
        "Delta_m_Bs": 1.0,
        "Delta_m_D0": 0.9995077489837398
      },
      "per_system_pass_fraction_all": {
        "epsilon_K": 0.087118,
        "Delta_m_K": 0.999982,
        "Delta_m_Bd": 0.999868,
        "Delta_m_Bs": 0.999646,
        "Delta_m_D0": 0.973166
      }
    },
    {
      "M_KK_GeV": 7000.0,
      "Lambda_IR_GeV": 2858.659696982072,
      "epsilon": 2.3414363969056204e-16,
      "n_draws": 1000000,
      "n_ok": 1000000,
      "n_pdg_pass": 199321,
      "pdg_pass_fraction": 0.199321,
      "f_Q": [
        0.0033498327685149696,
        0.021371006480895516,
        0.5477225576197754
      ],
      "f_u": [
        0.001262348686265633,
        0.11786652440411592,
        1.0
      ],
      "f_d": [
        0.001262348686265633,
        0.006330215461689808,
        0.03749563362641764
      ],
      "max_ratio_percentiles_all": {
        "p05": 0.35603848974049346,
        "p25": 1.9259686938524085,
        "p50": 5.020375034520597,
        "p75": 12.412017680882183,
        "p95": 46.45984531414581
      },
      "max_ratio_percentiles_pdg": {
        "p05": 0.3177700502677647,
        "p25": 1.7709252119031536,
        "p50": 4.407427225120005,
        "p75": 9.836278406630992,
        "p95": 29.515181166943297
      },
      "per_system_pass_fraction_pdg": {
        "epsilon_K": 0.1506213595155553,
        "Delta_m_K": 1.0,
        "Delta_m_Bd": 1.0,
        "Delta_m_Bs": 1.0,
        "Delta_m_D0": 0.9999849489015207
      },
      "per_system_pass_fraction_all": {
        "epsilon_K": 0.140765,
        "Delta_m_K": 0.999996,
        "Delta_m_Bd": 0.999979,
        "Delta_m_Bs": 0.999991,
        "Delta_m_D0": 0.988799
      }
    },
    {
      "M_KK_GeV": 10000.0,
      "Lambda_IR_GeV": 4083.7995671172457,
      "epsilon": 3.3449091384366005e-16,
      "n_draws": 1000000,
      "n_ok": 1000000,
      "n_pdg_pass": 206372,
      "pdg_pass_fraction": 0.206372,
      "f_Q": [
        0.0035088289920410147,
        0.021914959291988025,
        0.5477225576471245
      ],
      "f_u": [
        0.0013364844419359082,
        0.11845494349736,
        1.0
      ],
      "f_d": [
        0.0013364844419359082,
        0.006583611046548584,
        0.038189820652857205
      ],
      "max_ratio_percentiles_all": {
        "p05": 0.20576409887794414,
        "p25": 1.1224791870512516,
        "p50": 2.9113252859113703,
        "p75": 7.190291134869997,
        "p95": 26.703052895335194
      },
      "max_ratio_percentiles_pdg": {
        "p05": 0.18179530185308368,
        "p25": 1.013940038907149,
        "p50": 2.519510930702279,
        "p75": 5.599387692623996,
        "p95": 16.731279496174018
      },
      "per_system_pass_fraction_pdg": {
        "epsilon_K": 0.24726222549570678,
        "Delta_m_K": 1.0,
        "Delta_m_Bd": 1.0,
        "Delta_m_Bs": 1.0,
        "Delta_m_D0": 0.9999951543814083
      },
      "per_system_pass_fraction_all": {
        "epsilon_K": 0.227478,
        "Delta_m_K": 1.0,
        "Delta_m_Bd": 0.999995,
        "Delta_m_Bs": 1.0,
        "Delta_m_D0": 0.995903
      }
    },
    {
      "M_KK_GeV": 15000.0,
      "Lambda_IR_GeV": 6125.699350675869,
      "epsilon": 5.017363707654901e-16,
      "n_draws": 1000000,
      "n_ok": 1000000,
      "n_pdg_pass": 206931,
      "pdg_pass_fraction": 0.206931,
      "f_Q": [
        0.0036987617077780086,
        0.022550391742525808,
        0.5477225576862234
      ],
      "f_u": [
        0.0014260634359602594,
        0.11913467716811964,
        1.0
      ],
      "f_d": [
        0.0014260634359602594,
        0.006884021010590199,
        0.03899549524712501
      ],
      "max_ratio_percentiles_all": {
        "p05": 0.11088431302424659,
        "p25": 0.6058023341362617,
        "p50": 1.5676472745228738,
        "p75": 3.8622643898653823,
        "p95": 14.180977585398661
      },
      "max_ratio_percentiles_pdg": {
        "p05": 0.0962952757583391,
        "p25": 0.5371658957095546,
        "p50": 1.3294114161860615,
        "p75": 2.958413097331195,
        "p95": 8.638832827903482
      },
      "per_system_pass_fraction_pdg": {
        "epsilon_K": 0.4111612083254805,
        "Delta_m_K": 1.0,
        "Delta_m_Bd": 1.0,
        "Delta_m_Bs": 1.0,
        "Delta_m_D0": 1.0
      },
      "per_system_pass_fraction_all": {
        "epsilon_K": 0.371477,
        "Delta_m_K": 1.0,
        "Delta_m_Bd": 1.0,
        "Delta_m_Bs": 1.0,
        "Delta_m_D0": 0.998804
      }
    },
    {
      "M_KK_GeV": 20000.0,
      "Lambda_IR_GeV": 8167.599134234491,
      "epsilon": 6.689818276873201e-16,
      "n_draws": 1000000,
      "n_ok": 1000000,
      "n_pdg_pass": 203670,
      "pdg_pass_fraction": 0.20367,