{
  "config": {
    "mkk_values_GeV": [
      3000.0,
      5000.0,
      7000.0,
      10000.0,
      15000.0,
      20000.0,
      30000.0,
      50000.0
    ],
    "n_draws_per_tile": 200000,
    "c_Q": [
      0.63,
      0.57,
      0.2
    ],
    "c_u": [
      0.66,
      0.5,
      -0.5
    ],
    "c_d": [
      0.66,
      0.61,
      0.55
    ],
    "xi_KK": 2.4487,
    "k_GeV": 1.2209e+19,
    "v_GeV": 174.0,
    "y_half_range": 3.0,
    "y_floor": 0.1,
    "y_prior": "uniform",
    "y_sigma": 1.0,
    "y_trunc_sigma": 3.0,
    "pdg_mass_factor": 3.0,
    "pdg_ckm_factor": 3.0,
    "pdg_j_factor": 5.0,
    "base_seed": 20260506
  },
  "elapsed_seconds": 759.3695211410522,
  "tiles": [
    {
      "M_KK_GeV": 3000.0,
      "Lambda_IR_GeV": 1225.1398701351736,
      "epsilon": 1.0034727415309802e-16,
      "n_draws": 200000,
      "n_ok": 200000,
      "n_pdg_pass": 13784,
      "pdg_pass_fraction": 0.06892,
      "f_Q": [
        0.0030004226724036393,
        0.020132985544753543,
        0.5477225575741002
      ],
      "f_u": [
        0.001102306918328204,
        0.11650313197375224,
        1.0
      ],
      "f_d": [
        0.001102306918328204,
        0.005766703119717063,
        0.03589933367875972
      ],
      "max_ratio_percentiles_all": {
        "p05": 1.3101533784308963,
        "p25": 7.02666815015472,
        "p50": 18.384003292994677,
        "p75": 46.34158854789195,
        "p95": 178.48625553302026
      },
      "max_ratio_percentiles_pdg": {
        "p05": 1.9310423443809446,
        "p25": 10.432552017691702,
        "p50": 26.632210791326653,
        "p75": 61.643603178054306,
        "p95": 183.03415453883642
      },
      "per_system_pass_fraction_pdg": {
        "epsilon_K": 0.02531921067904817,
        "Delta_m_K": 0.9999274521183982,
        "Delta_m_Bd": 0.9997098084735926,
        "Delta_m_Bs": 1.0,
        "Delta_m_D0": 0.9922373766686012
      },
      "per_system_pass_fraction_all": {
        "epsilon_K": 0.04083,
        "Delta_m_K": 0.99976,
        "Delta_m_Bd": 0.997875,
        "Delta_m_Bs": 0.99317,
        "Delta_m_D0": 0.913675
      }
    },
    {
      "M_KK_GeV": 5000.0,
      "Lambda_IR_GeV": 2041.8997835586229,
      "epsilon": 1.6724545692183002e-16,
      "n_draws": 200000,
      "n_ok": 200000,
      "n_pdg_pass": 10001,
      "pdg_pass_fraction": 0.050005,
      "f_Q": [
        0.003206453246840839,
        0.020870402809086114,
        0.5477225575988237
      ],
      "f_u": [
        0.001196185754197156,
        0.11731939694841162,
        1.0
      ],
      "f_d": [
        0.001196185754197156,
        0.006100125421390605,
        0.03685295885771162
      ],
      "max_ratio_percentiles_all": {
        "p05": 0.5843009659915551,
        "p25": 3.24203950871992,
        "p50": 8.45691456347296,
        "p75": 21.012110564798753,
        "p95": 80.24843150197917
      },
      "max_ratio_percentiles_pdg": {
        "p05": 0.8176079100240989,
        "p25": 4.62463227512709,
        "p50": 11.886433845215008,
        "p75": 27.542426341483925,
        "p95": 79.49091200911997
      },
      "per_system_pass_fraction_pdg": {
        "epsilon_K": 0.061693830616938304,
        "Delta_m_K": 1.0,
        "Delta_m_Bd": 1.0,
        "Delta_m_Bs": 1.0,
        "Delta_m_D0": 0.9997000299970003
      },
      "per_system_pass_fraction_all": {
        "epsilon_K": 0.088235,
        "Delta_m_K": 0.999965,
        "Delta_m_Bd": 0.99988,
        "Delta_m_Bs": 0.99952,
        "Delta_m_D0": 0.972065
      }
    },
    {
      "M_KK_GeV": 7000.0,
      "Lambda_IR_GeV": 2858.659696982072,
      "epsilon": 2.3414363969056204e-16,
      "n_draws": 200000,
      "n_ok": 200000,
      "n_pdg_pass": 7767,
      "pdg_pass_fraction": 0.038835,
      "f_Q": [
        0.0033498327685149696,
        0.021371006480895516,
        0.5477225576197754
      ],
      "f_u": [
        0.001262348686265633,
        0.11786652440411592,
        1.0
      ],
      "f_d": [
        0.001262348686265633,
        0.006330215461689808,
        0.03749563362641764
      ],
      "max_ratio_percentiles_all": {
        "p05": 0.3554584765443854,
        "p25": 1.9191035739467897,
        "p50": 5.003441378204798,
        "p75": 12.472644374996753,
        "p95": 47.30414630918812
      },
      "max_ratio_percentiles_pdg": {
        "p05": 0.4811901813997571,
        "p25": 2.8799724952617676,
        "p50": 7.34282351204401,
        "p75": 16.731024579373578,
        "p95": 47.28593518848432
      },
      "per_system_pass_fraction_pdg": {
        "epsilon_K": 0.09759237800952748,
        "Delta_m_K": 1.0,
        "Delta_m_Bd": 1.0,
        "Delta_m_Bs": 1.0,
        "Delta_m_D0": 1.0
      },
      "per_system_pass_fraction_all": {
        "epsilon_K": 0.141365,
        "Delta_m_K": 1.0,
        "Delta_m_Bd": 0.99996,
        "Delta_m_Bs": 0.99991,
        "Delta_m_D0": 0.988485
      }
    },
    {
      "M_KK_GeV": 10000.0,
      "Lambda_IR_GeV": 4083.7995671172457,
      "epsilon": 3.3449091384366005e-16,
      "n_draws": 200000,
      "n_ok": 200000,
      "n_pdg_pass": 5560,
      "pdg_pass_fraction": 0.0278,
      "f_Q": [
        0.0035088289920410147,
        0.021914959291988025,
        0.5477225576471245
      ],
      "f_u": [
        0.0013364844419359082,
        0.11845494349736,
        1.0
      ],
      "f_d": [
        0.0013364844419359082,
        0.006583611046548584,
        0.038189820652857205
      ],
      "max_ratio_percentiles_all": {
        "p05": 0.20719268223711393,
        "p25": 1.131595363273707,
        "p50": 2.9232778561749475,
        "p75": 7.212420527939747,
        "p95": 26.943626996076564
      },
      "max_ratio_percentiles_pdg": {
        "p05": 0.2989623407154608,
        "p25": 1.7278719314095787,
        "p50": 4.152702541074092,
        "p75": 9.479302047490538,
        "p95": 26.589712866602472
      },
      "per_system_pass_fraction_pdg": {
        "epsilon_K": 0.1564748201438849,
        "Delta_m_K": 1.0,
        "Delta_m_Bd": 1.0,
        "Delta_m_Bs": 1.0,
        "Delta_m_D0": 1.0
      },
      "per_system_pass_fraction_all": {
        "epsilon_K": 0.22605,
        "Delta_m_K": 1.0,
        "Delta_m_Bd": 1.0,
        "Delta_m_Bs": 1.0,
        "Delta_m_D0": 0.995665
      }
    },
    {
      "M_KK_GeV": 15000.0,
      "Lambda_IR_GeV": 6125.699350675869,
      "epsilon": 5.017363707654901e-16,
      "n_draws": 200000,
      "n_ok": 200000,
      "n_pdg_pass": 3747,
      "pdg_pass_fraction": 0.018735,
      "f_Q": [
        0.0036987617077780086,
        0.022550391742525808,
        0.5477225576862234
      ],
      "f_u": [
        0.0014260634359602594,
        0.11913467716811964,
        1.0
      ],
      "f_d": [
        0.0014260634359602594,
        0.006884021010590199,
        0.03899549524712501
      ],
      "max_ratio_percentiles_all": {
        "p05": 0.10960239012675847,
        "p25": 0.6082598981079728,
        "p50": 1.575991770918136,
        "p75": 3.8722826695017005,
        "p95": 14.426922972087057
      },
      "max_ratio_percentiles_pdg": {
        "p05": 0.1558630103108058,
        "p25": 0.8876033756604986,
        "p50": 2.2607019987237646,
        "p75": 4.892723641473034,
        "p95": 13.518118720134291
      },
      "per_system_pass_fraction_pdg": {
        "epsilon_K": 0.2780891379770483,
        "Delta_m_K": 1.0,
        "Delta_m_Bd": 1.0,
        "Delta_m_Bs": 1.0,
        "Delta_m_D0": 1.0
      },
      "per_system_pass_fraction_all": {
        "epsilon_K": 0.370295,
        "Delta_m_K": 1.0,
        "Delta_m_Bd": 1.0,
        "Delta_m_Bs": 1.0,
        "Delta_m_D0": 0.99838
      }
    },
    {
      "M_KK_GeV": 20000.0,
      "Lambda_IR_GeV": 8167.599134234491,
      "epsilon": 6.689818276873201e-16,
      "n_draws": 200000,
      "n_ok": 200000,
      "n_pdg_pass": 2596,
      "pdg_pass_fraction": 0.01298,