{
  "config": {
    "mkk_values_GeV": [
      3000.0,
      5000.0,
      7000.0,
      10000.0,
      15000.0,
      20000.0,
      30000.0,
      50000.0
    ],
    "n_draws_per_tile": 200000,
    "c_Q": [
      0.63,
      0.57,
      0.2
    ],
    "c_u": [
      0.66,
      0.5,
      -0.5
    ],
    "c_d": [
      0.66,
      0.61,
      0.55
    ],
    "xi_KK": 2.4487,
    "k_GeV": 1.2209e+19,
    "v_GeV": 174.0,
    "y_half_range": 1.5,
    "y_floor": 0.1,
    "y_prior": "uniform",
    "y_sigma": 1.0,
    "y_trunc_sigma": 3.0,
    "pdg_mass_factor": 3.0,
    "pdg_ckm_factor": 3.0,
    "pdg_j_factor": 5.0,
    "base_seed": 20260506
  },
  "elapsed_seconds": 866.4387547969818,
  "tiles": [
    {
      "M_KK_GeV": 3000.0,
      "Lambda_IR_GeV": 1225.1398701351736,
      "epsilon": 1.0034727415309802e-16,
      "n_draws": 200000,
      "n_ok": 200000,
      "n_pdg_pass": 32918,
      "pdg_pass_fraction": 0.16459,
      "f_Q": [
        0.0030004226724036393,
        0.020132985544753543,
        0.5477225575741002
      ],
      "f_u": [
        0.001102306918328204,
        0.11650313197375224,
        1.0
      ],
      "f_d": [
        0.001102306918328204,
        0.005766703119717063,
        0.03589933367875972
      ],
      "max_ratio_percentiles_all": {
        "p05": 1.3261247038691633,
        "p25": 7.0696975322152635,
        "p50": 18.429673873637377,
        "p75": 45.96104906260026,
        "p95": 176.23500682917393
      },
      "max_ratio_percentiles_pdg": {
        "p05": 1.2322695436152642,
        "p25": 6.8471131031911865,
        "p50": 17.058610913918614,
        "p75": 38.039425346425666,
        "p95": 119.50024953293794
      },
      "per_system_pass_fraction_pdg": {
        "epsilon_K": 0.04091986147396561,
        "Delta_m_K": 1.0,
        "Delta_m_Bd": 0.9999696214836867,
        "Delta_m_Bs": 1.0,
        "Delta_m_D0": 0.9894890333556109
      },
      "per_system_pass_fraction_all": {
        "epsilon_K": 0.040385,
        "Delta_m_K": 0.999775,
        "Delta_m_Bd": 0.997985,
        "Delta_m_Bs": 0.99362,
        "Delta_m_D0": 0.9149
      }
    },
    {
      "M_KK_GeV": 5000.0,
      "Lambda_IR_GeV": 2041.8997835586229,
      "epsilon": 1.6724545692183002e-16,
      "n_draws": 200000,
      "n_ok": 200000,
      "n_pdg_pass": 37765,
      "pdg_pass_fraction": 0.188825,
      "f_Q": [
        0.003206453246840839,
        0.020870402809086114,
        0.5477225575988237
      ],
      "f_u": [
        0.001196185754197156,
        0.11731939694841162,
        1.0
      ],
      "f_d": [
        0.001196185754197156,
        0.006100125421390605,
        0.03685295885771162
      ],
      "max_ratio_percentiles_all": {
        "p05": 0.59571605992535,
        "p25": 3.233600179292958,
        "p50": 8.42230647633959,
        "p75": 20.95579668329467,
        "p95": 79.21242373486169
      },
      "max_ratio_percentiles_pdg": {
        "p05": 0.5576392987950859,
        "p25": 3.031043439623225,
        "p50": 7.551525472102198,
        "p75": 16.86745128976673,
        "p95": 51.16805599339924
      },
      "per_system_pass_fraction_pdg": {
        "epsilon_K": 0.09005693102078645,
        "Delta_m_K": 1.0,
        "Delta_m_Bd": 1.0,
        "Delta_m_Bs": 1.0,
        "Delta_m_D0": 0.9994704091089633
      },
      "per_system_pass_fraction_all": {
        "epsilon_K": 0.08716,
        "Delta_m_K": 0.999985,
        "Delta_m_Bd": 0.999875,
        "Delta_m_Bs": 0.99971,
        "Delta_m_D0": 0.973215
      }
    },
    {
      "M_KK_GeV": 7000.0,
      "Lambda_IR_GeV": 2858.659696982072,
      "epsilon": 2.3414363969056204e-16,
      "n_draws": 200000,
      "n_ok": 200000,
      "n_pdg_pass": 39819,
      "pdg_pass_fraction": 0.199095,
      "f_Q": [
        0.0033498327685149696,
        0.021371006480895516,
        0.5477225576197754
      ],
      "f_u": [
        0.001262348686265633,
        0.11786652440411592,
        1.0
      ],
      "f_d": [
        0.001262348686265633,
        0.006330215461689808,
        0.03749563362641764
      ],
      "max_ratio_percentiles_all": {
        "p05": 0.355530851532221,
        "p25": 1.9216015229712342,
        "p50": 5.015577512675128,
        "p75": 12.418849393681912,
        "p95": 46.142982893035736
      },
      "max_ratio_percentiles_pdg": {
        "p05": 0.30984479949077404,
        "p25": 1.7619114903715816,
        "p50": 4.417348693500602,
        "p75": 9.856347131004009,
        "p95": 29.59885694356647
      },
      "per_system_pass_fraction_pdg": {
        "epsilon_K": 0.15045581255179688,
        "Delta_m_K": 1.0,
        "Delta_m_Bd": 1.0,
        "Delta_m_Bs": 1.0,
        "Delta_m_D0": 1.0
      },
      "per_system_pass_fraction_all": {
        "epsilon_K": 0.140895,
        "Delta_m_K": 1.0,
        "Delta_m_Bd": 0.999975,
        "Delta_m_Bs": 0.99999,
        "Delta_m_D0": 0.988625
      }
    },
    {
      "M_KK_GeV": 10000.0,
      "Lambda_IR_GeV": 4083.7995671172457,
      "epsilon": 3.3449091384366005e-16,
      "n_draws": 200000,
      "n_ok": 200000,
      "n_pdg_pass": 41244,
      "pdg_pass_fraction": 0.20622,
      "f_Q": [
        0.0035088289920410147,
        0.021914959291988025,
        0.5477225576471245
      ],
      "f_u": [
        0.0013364844419359082,
        0.11845494349736,
        1.0
      ],
      "f_d": [
        0.0013364844419359082,
        0.006583611046548584,
        0.038189820652857205
      ],
      "max_ratio_percentiles_all": {
        "p05": 0.20598677962984652,
        "p25": 1.1257135263773694,
        "p50": 2.8984682739113063,
        "p75": 7.149181841622666,
        "p95": 26.65060960625047
      },
      "max_ratio_percentiles_pdg": {
        "p05": 0.1861648433793834,
        "p25": 1.0181468433771308,
        "p50": 2.5066280644638588,
        "p75": 5.627038931917883,
        "p95": 16.89822692913317
      },
      "per_system_pass_fraction_pdg": {
        "epsilon_K": 0.2462661235573659,
        "Delta_m_K": 1.0,
        "Delta_m_Bd": 1.0,
        "Delta_m_Bs": 1.0,
        "Delta_m_D0": 1.0
      },
      "per_system_pass_fraction_all": {
        "epsilon_K": 0.227465,
        "Delta_m_K": 1.0,
        "Delta_m_Bd": 1.0,
        "Delta_m_Bs": 1.0,
        "Delta_m_D0": 0.995885
      }
    },
    {
      "M_KK_GeV": 15000.0,
      "Lambda_IR_GeV": 6125.699350675869,
      "epsilon": 5.017363707654901e-16,
      "n_draws": 200000,
      "n_ok": 200000,
      "n_pdg_pass": 41297,
      "pdg_pass_fraction": 0.206485,
      "f_Q": [
        0.0036987617077780086,
        0.022550391742525808,
        0.5477225576862234
      ],
      "f_u": [
        0.0014260634359602594,
        0.11913467716811964,
        1.0
      ],
      "f_d": [
        0.0014260634359602594,
        0.006884021010590199,
        0.03899549524712501
      ],
      "max_ratio_percentiles_all": {
        "p05": 0.10986895181715978,
        "p25": 0.6042437906110836,
        "p50": 1.5621614602358287,
        "p75": 3.8522079350947647,
        "p95": 14.066657074226224
      },
      "max_ratio_percentiles_pdg": {
        "p05": 0.0968226380755332,
        "p25": 0.5401161034599051,
        "p50": 1.3306298368264118,
        "p75": 2.9687880855848188,
        "p95": 8.496966515976775
      },
      "per_system_pass_fraction_pdg": {
        "epsilon_K": 0.4088916870474853,
        "Delta_m_K": 1.0,
        "Delta_m_Bd": 1.0,
        "Delta_m_Bs": 1.0,
        "Delta_m_D0": 1.0
      },
      "per_system_pass_fraction_all": {
        "epsilon_K": 0.37218,
        "Delta_m_K": 1.0,
        "Delta_m_Bd": 1.0,
        "Delta_m_Bs": 1.0,
        "Delta_m_D0": 0.998715
      }
    },
    {
      "M_KK_GeV": 20000.0,
      "Lambda_IR_GeV": 8167.599134234491,
      "epsilon": 6.689818276873201e-16,
      "n_draws": 200000,
      "n_ok": 200000,
      "n_pdg_pass": 40828,
      "pdg_pass_fraction": 0.20414,
      "f_Q": [
        0.003839725371328523,
        0.0230125445718976,
        0.5477225577203348
      ],