{
  "config": {
    "mkk_values_GeV": [
      3000.0,
      5000.0,
      7000.0,
      10000.0,
      15000.0,
      20000.0,
      30000.0,
      50000.0
    ],
    "n_draws_per_tile": 200000,
    "c_Q": [
      0.68,
      0.62,
      0.25
    ],
    "c_u": [
      0.71,
      0.55,
      -0.45
    ],
    "c_d": [
      0.71,
      0.66,
      0.6
    ],
    "xi_KK": 2.4487,
    "k_GeV": 1.2209e+19,
    "v_GeV": 174.0,
    "y_half_range": 1.5,
    "y_floor": 0.1,
    "y_prior": "uniform",
    "y_sigma": 1.0,
    "y_trunc_sigma": 3.0,
    "pdg_mass_factor": 3.0,
    "pdg_ckm_factor": 3.0,
    "pdg_j_factor": 5.0,
    "base_seed": 20260506
  },
  "elapsed_seconds": 824.1269052028656,
  "tiles": [
    {
      "M_KK_GeV": 3000.0,
      "Lambda_IR_GeV": 1225.1398701351736,
      "epsilon": 1.0034727415309802e-16,
      "n_draws": 200000,
      "n_ok": 200000,
      "n_pdg_pass": 0,
      "pdg_pass_fraction": 0.0,
      "f_Q": [
        0.0005596385655351097,
        0.004166800506854869,
        0.5000000025043372
      ],
      "f_u": [
        0.00020018238562842966,
        0.03589933367875972,
        0.9746794344808963
      ],
      "f_d": [
        0.00020018238562842966,
        0.001102306918328204,
        0.007948546274833001
      ],
      "max_ratio_percentiles_all": {
        "p05": 0.0024771856202532123,
        "p25": 0.010104237578279385,
        "p50": 0.025894355485268306,
        "p75": 0.06515893713313353,
        "p95": 0.2602316614221192
      },
      "per_system_pass_fraction_all": {
        "epsilon_K": 0.99415,
        "Delta_m_K": 1.0,
        "Delta_m_Bd": 1.0,
        "Delta_m_Bs": 1.0,
        "Delta_m_D0": 0.999995
      }
    },
    {
      "M_KK_GeV": 5000.0,
      "Lambda_IR_GeV": 2041.8997835586229,
      "epsilon": 1.6724545692183002e-16,
      "n_draws": 200000,
      "n_ok": 200000,
      "n_pdg_pass": 0,
      "pdg_pass_fraction": 0.0,
      "f_Q": [
        0.0006135366150426536,
        0.00443025430393898,
        0.5000000032330854
      ],
      "f_u": [
        0.000222850754029114,
        0.03685295885771162,
        0.9746794344808963
      ],
      "f_d": [
        0.000222850754029114,
        0.001196185754197156,
        0.008365412090169062
      ],
      "max_ratio_percentiles_all": {
        "p05": 0.0011608641410973842,
        "p25": 0.005088144645235772,
        "p50": 0.013064466849392976,
        "p75": 0.03290754074615327,
        "p95": 0.1298019753830689
      },
      "per_system_pass_fraction_all": {
        "epsilon_K": 0.9986,
        "Delta_m_K": 1.0,
        "Delta_m_Bd": 1.0,
        "Delta_m_Bs": 1.0,
        "Delta_m_D0": 0.999995
      }
    },
    {
      "M_KK_GeV": 7000.0,
      "Lambda_IR_GeV": 2858.659696982072,
      "epsilon": 2.3414363969056204e-16,
      "n_draws": 200000,
      "n_ok": 200000,
      "n_pdg_pass": 0,
      "pdg_pass_fraction": 0.0,
      "f_Q": [
        0.0006518438776722397,
        0.00461282530527127,
        0.5000000038254383
      ],
      "f_u": [
        0.0002391668607821723,
        0.03749563362641764,
        0.9746794344808963
      ],
      "f_d": [
        0.0002391668607821723,
        0.001262348686265633,
        0.00865188466719071
      ],
      "max_ratio_percentiles_all": {
        "p05": 0.0007013642613913256,
        "p25": 0.0032111005194853403,
        "p50": 0.008322712016177427,
        "p75": 0.020909508618354736,
        "p95": 0.081367084892419
      },
      "per_system_pass_fraction_all": {
        "epsilon_K": 0.99945,
        "Delta_m_K": 1.0,
        "Delta_m_Bd": 1.0,
        "Delta_m_Bs": 1.0,
        "Delta_m_D0": 1.0
      }
    },
    {
      "M_KK_GeV": 10000.0,
      "Lambda_IR_GeV": 4083.7995671172457,
      "epsilon": 3.3449091384366005e-16,
      "n_draws": 200000,
      "n_ok": 200000,
      "n_pdg_pass": 0,
      "pdg_pass_fraction": 0.0,
      "f_Q": [
        0.0006950659502097782,
        0.004814583065739783,
        0.5000000045722732
      ],
      "f_u": [
        0.00025776884425975874,
        0.038189820652857205,
        0.9746794344808963
      ],
      "f_d": [
        0.00025776884425975874,
        0.0013364844419359082,
        0.00896629320659685
      ],
      "max_ratio_percentiles_all": {
        "p05": 0.00042540288468960257,
        "p25": 0.00200842483196873,
        "p50": 0.005173827330053869,
        "p75": 0.012933908336590574,
        "p95": 0.050427016677507736
      },
      "per_system_pass_fraction_all": {
        "epsilon_K": 0.999845,
        "Delta_m_K": 1.0,
        "Delta_m_Bd": 1.0,
        "Delta_m_Bs": 1.0,
        "Delta_m_D0": 1.0
      }
    },
    {
      "M_KK_GeV": 15000.0,
      "Lambda_IR_GeV": 6125.699350675869,
      "epsilon": 5.017363707654901e-16,
      "n_draws": 200000,
      "n_ok": 200000,
      "n_pdg_pass": 0,
      "pdg_pass_fraction": 0.0,
      "f_Q": [
        0.0007476916525816408,
        0.005054682973804838,
        0.5000000055998682
      ],
      "f_u": [
        0.00028067879378712037,
        0.03899549524712501,
        0.9746794344808963
      ],
      "f_d": [
        0.00028067879378712037,
        0.0014260634359602594,
        0.009337633191497717
      ],
      "max_ratio_percentiles_all": {
        "p05": 0.0002393808615189246,
        "p25": 0.0011684850807880307,
        "p50": 0.003022351379853994,
        "p75": 0.007558746385953342,
        "p95": 0.028862058133602507
      },
      "per_system_pass_fraction_all": {
        "epsilon_K": 0.99997,
        "Delta_m_K": 1.0,
        "Delta_m_Bd": 1.0,
        "Delta_m_Bs": 1.0,
        "Delta_m_D0": 1.0
      }
    },
    {
      "M_KK_GeV": 20000.0,
      "Lambda_IR_GeV": 8167.599134234491,
      "epsilon": 6.689818276873201e-16,
      "n_draws": 200000,
      "n_ok": 200000,
      "n_pdg_pass": 0,
      "pdg_pass_fraction": 0.0,
      "f_Q": [
        0.0007874293137131536,
        0.005232266732293846,
        0.5000000064661709
      ],
      "f_u": [
        0.0002981581922739505,
        0.0395780333251335,
        0.9746794344808963
      ],
      "f_d": [
        0.0002981581922739505,
        0.0014932389470525243,
        0.00961040957234634
      ],
      "max_ratio_percentiles_all": {
        "p05": 0.00016095022363624373,
        "p25": 0.0008007443031573502,
        "p50": 0.002058219404838528,
        "p75": 0.005134155137304868,
        "p95": 0.019866806706019785
      },
      "per_system_pass_fraction_all": {
        "epsilon_K": 0.999995,
        "Delta_m_K": 1.0,
        "Delta_m_Bd": 1.0,
        "Delta_m_Bs": 1.0,
        "Delta_m_D0": 1.0
      }
    },
    {
      "M_KK_GeV": 30000.0,
      "Lambda_IR_GeV": 12251.398701351738,
      "epsilon": 1.0034727415309802e-15,
      "n_draws": 200000,
      "n_ok": 200000,
      "n_pdg_pass": 0,
      "pdg_pass_fraction": 0.0,
      "f_Q": [
        0.0008470481971922942,
        0.005493206050991444,
        0.5000000079194097
      ],
      "f_u": [
        0.0003246578648251231,
        0.0404148021263808,
        0.9746794344808963
      ],
      "f_d": [
        0.0003246578648251231,
        0.0015933248496365386,
        0.010008476288901273
      ],
      "max_ratio_percentiles_all": {
        "p05": 9.139539834811226e-05,
        "p25": 0.0004623182122952971,
        "p50": 0.0011960545434403,
        "p75": 0.0029588855796995888,
        "p95": 0.011293509782299883
      },
      "per_system_pass_fraction_all": {
        "epsilon_K": 1.0,
        "Delta_m_K": 1.0,
        "Delta_m_Bd": 1.0,
        "Delta_m_Bs": 1.0,
        "Delta_m_D0": 1.0
      }
    },
    {
      "M_KK_GeV": 50000.0,
      "Lambda_IR_GeV": 20418.99783558623,
      "epsilon": 1.6724545692183003e-15,
      "n_draws": 200000,
      "n_ok": 200000,
      "n_pdg_pass": 0,
      "pdg_pass_fraction": 0.0,
      "f_Q": [
        0.0009286264984595254,
        0.005840565003703106,
        0.500000010223914
      ],
      "f_u": [
        0.000361421672759487,
        0.04149588062869289,
        0.9746794344808963
      ],