{
  "config": {
    "mkk_values_GeV": [
      3000.0,
      5000.0,
      7000.0,
      10000.0,
      15000.0,
      20000.0,
      30000.0,
      50000.0
    ],
    "n_draws_per_tile": 200000,
    "c_Q": [
      0.63,
      0.57,
      0.3
    ],
    "c_u": [
      0.66,
      0.5,
      -0.55
    ],
    "c_d": [
      0.66,
      0.61,
      0.55
    ],
    "xi_KK": 2.4487,
    "k_GeV": 1.2209e+19,
    "v_GeV": 174.0,
    "y_half_range": 1.5,
    "y_floor": 0.1,
    "y_prior": "uniform",
    "y_sigma": 1.0,
    "y_trunc_sigma": 3.0,
    "pdg_mass_factor": 3.0,
    "pdg_ckm_factor": 3.0,
    "pdg_j_factor": 5.0,
    "base_seed": 20260506
  },
  "elapsed_seconds": 842.6874084472656,
  "tiles": [
    {
      "M_KK_GeV": 3000.0,
      "Lambda_IR_GeV": 1225.1398701351736,
      "epsilon": 1.0034727415309802e-16,
      "n_draws": 200000,
      "n_ok": 200000,
      "n_pdg_pass": 25184,
      "pdg_pass_fraction": 0.12592,
      "f_Q": [
        0.0030004226724036393,
        0.020132985544753543,
        0.4472136846429822
      ],
      "f_u": [
        0.001102306918328204,
        0.11650313197375224,
        1.02469507659596
      ],
      "f_d": [
        0.001102306918328204,
        0.005766703119717063,
        0.03589933367875972
      ],
      "max_ratio_percentiles_all": {
        "p05": 1.3250507524576718,
        "p25": 7.064536085155632,
        "p50": 18.409657617858223,
        "p75": 45.906405867305,
        "p95": 175.73154035173988
      },
      "max_ratio_percentiles_pdg": {
        "p05": 1.1610804668650063,
        "p25": 6.431678489636825,
        "p50": 15.94610217663967,
        "p75": 34.8229582740822,
        "p95": 103.59451931460427
      },
      "per_system_pass_fraction_pdg": {
        "epsilon_K": 0.04300349428208386,
        "Delta_m_K": 1.0,
        "Delta_m_Bd": 1.0,
        "Delta_m_Bs": 1.0,
        "Delta_m_D0": 0.9932893900889453
      },
      "per_system_pass_fraction_all": {
        "epsilon_K": 0.040445,
        "Delta_m_K": 0.99979,
        "Delta_m_Bd": 0.999355,
        "Delta_m_Bs": 0.997635,
        "Delta_m_D0": 0.914835
      }
    },
    {
      "M_KK_GeV": 5000.0,
      "Lambda_IR_GeV": 2041.8997835586229,
      "epsilon": 1.6724545692183002e-16,
      "n_draws": 200000,
      "n_ok": 200000,
      "n_pdg_pass": 28447,
      "pdg_pass_fraction": 0.142235,
      "f_Q": [
        0.003206453246840839,
        0.020870402809086114,
        0.4472137048519989
      ],
      "f_u": [
        0.001196185754197156,
        0.11731939694841162,
        1.02469507659596
      ],
      "f_d": [
        0.001196185754197156,
        0.006100125421390605,
        0.03685295885771162
      ],
      "max_ratio_percentiles_all": {
        "p05": 0.5959046323732018,
        "p25": 3.2302923964436996,
        "p50": 8.413947111166102,
        "p75": 20.923870018521583,
        "p95": 78.98355769643926
      },
      "max_ratio_percentiles_pdg": {
        "p05": 0.526897276415409,
        "p25": 2.847268305864672,
        "p50": 7.075783956970995,
        "p75": 15.692363883091453,
        "p95": 45.22705432498982
      },
      "per_system_pass_fraction_pdg": {
        "epsilon_K": 0.09522972545435371,
        "Delta_m_K": 1.0,
        "Delta_m_Bd": 1.0,
        "Delta_m_Bs": 1.0,
        "Delta_m_D0": 0.9996836221745703
      },
      "per_system_pass_fraction_all": {
        "epsilon_K": 0.08722,
        "Delta_m_K": 0.999985,
        "Delta_m_Bd": 0.99996,
        "Delta_m_Bs": 0.999975,
        "Delta_m_D0": 0.973195
      }
    },
    {
      "M_KK_GeV": 7000.0,
      "Lambda_IR_GeV": 2858.659696982072,
      "epsilon": 2.3414363969056204e-16,
      "n_draws": 200000,
      "n_ok": 200000,
      "n_pdg_pass": 29761,
      "pdg_pass_fraction": 0.148805,
      "f_Q": [
        0.0033498327685149696,
        0.021371006480895516,
        0.4472137206059556
      ],
      "f_u": [
        0.001262348686265633,
        0.11786652440411592,
        1.02469507659596
      ],
      "f_d": [
        0.001262348686265633,
        0.006330215461689808,
        0.03749563362641764
      ],
      "max_ratio_percentiles_all": {
        "p05": 0.3553458908551062,
        "p25": 1.919314732135243,
        "p50": 5.009885453487493,
        "p75": 12.398909412720446,
        "p95": 45.985481288596006
      },
      "max_ratio_percentiles_pdg": {
        "p05": 0.30229844941181333,
        "p25": 1.6762367336871973,
        "p50": 4.144759131139081,
        "p75": 9.138498508316514,
        "p95": 26.432119241012014
      },
      "per_system_pass_fraction_pdg": {
        "epsilon_K": 0.15553912838950304,
        "Delta_m_K": 1.0,
        "Delta_m_Bd": 1.0,
        "Delta_m_Bs": 1.0,
        "Delta_m_D0": 1.0
      },
      "per_system_pass_fraction_all": {
        "epsilon_K": 0.14099,
        "Delta_m_K": 1.0,
        "Delta_m_Bd": 0.999995,
        "Delta_m_Bs": 1.0,
        "Delta_m_D0": 0.98865
      }
    },
    {
      "M_KK_GeV": 10000.0,
      "Lambda_IR_GeV": 4083.7995671172457,
      "epsilon": 3.3449091384366005e-16,
      "n_draws": 200000,
      "n_ok": 200000,
      "n_pdg_pass": 30380,
      "pdg_pass_fraction": 0.1519,
      "f_Q": [
        0.0035088289920410147,
        0.021914959291988025,
        0.44721373979085793
      ],
      "f_u": [
        0.0013364844419359082,
        0.11845494349736,
        1.02469507659596
      ],
      "f_d": [
        0.0013364844419359082,
        0.006583611046548584,
        0.038189820652857205
      ],
      "max_ratio_percentiles_all": {
        "p05": 0.20546749594989627,
        "p25": 1.1247025533878865,
        "p50": 2.8951657100971078,
        "p75": 7.138587598635825,
        "p95": 26.559943200351977
      },
      "max_ratio_percentiles_pdg": {
        "p05": 0.1741401679736947,
        "p25": 0.9632833584444457,
        "p50": 2.3459500210374653,
        "p75": 5.184822146250162,
        "p95": 15.069737257665423
      },
      "per_system_pass_fraction_pdg": {
        "epsilon_K": 0.2576036866359447,
        "Delta_m_K": 1.0,
        "Delta_m_Bd": 1.0,
        "Delta_m_Bs": 1.0,
        "Delta_m_D0": 1.0
      },
      "per_system_pass_fraction_all": {
        "epsilon_K": 0.22762,
        "Delta_m_K": 1.0,
        "Delta_m_Bd": 1.0,
        "Delta_m_Bs": 1.0,
        "Delta_m_D0": 0.995915
      }
    },
    {
      "M_KK_GeV": 15000.0,
      "Lambda_IR_GeV": 6125.699350675869,
      "epsilon": 5.017363707654901e-16,
      "n_draws": 200000,
      "n_ok": 200000,
      "n_pdg_pass": 30063,
      "pdg_pass_fraction": 0.150315,
      "f_Q": [
        0.0036987617077780086,
        0.022550391742525808,
        0.4472137651974731
      ],
      "f_u": [
        0.0014260634359602594,
        0.11913467716811964,
        1.02469507659596
      ],
      "f_d": [
        0.0014260634359602594,
        0.006884021010590199,
        0.03899549524712501
      ],
      "max_ratio_percentiles_all": {
        "p05": 0.10978992865026449,
        "p25": 0.6033567586823008,
        "p50": 1.5605973770411303,
        "p75": 3.8459793462598517,
        "p95": 14.02324885251841
      },
      "max_ratio_percentiles_pdg": {
        "p05": 0.09119599550664524,
        "p25": 0.5108165012356336,
        "p50": 1.2605641163049857,
        "p75": 2.7549267080506357,
        "p95": 7.723519910486804
      },
      "per_system_pass_fraction_pdg": {
        "epsilon_K": 0.4246083225227023,
        "Delta_m_K": 1.0,
        "Delta_m_Bd": 1.0,
        "Delta_m_Bs": 1.0,
        "Delta_m_D0": 1.0
      },
      "per_system_pass_fraction_all": {
        "epsilon_K": 0.37247,
        "Delta_m_K": 1.0,
        "Delta_m_Bd": 1.0,
        "Delta_m_Bs": 1.0,
        "Delta_m_D0": 0.998735
      }
    },
    {
      "M_KK_GeV": 20000.0,
      "Lambda_IR_GeV": 8167.599134234491,
      "epsilon": 6.689818276873201e-16,
      "n_draws": 200000,
      "n_ok": 200000,
      "n_pdg_pass": 29455,
      "pdg_pass_fraction": 0.147275,