{
  "config": {
    "mkk_values_GeV": [
      3000.0,
      5000.0,
      7000.0,
      10000.0,
      15000.0,
      20000.0,
      30000.0,
      50000.0
    ],
    "n_draws_per_tile": 200000,
    "c_Q": [
      0.63,
      0.57,
      0.2
    ],
    "c_u": [
      0.66,
      0.5,
      -0.5
    ],
    "c_d": [
      0.66,
      0.61,
      0.55
    ],
    "xi_KK": 2.4487,
    "k_GeV": 1.2209e+19,
    "v_GeV": 174.0,
    "y_half_range": 1.0,
    "y_floor": 0.1,
    "y_prior": "uniform",
    "y_sigma": 1.0,
    "y_trunc_sigma": 3.0,
    "pdg_mass_factor": 3.0,
    "pdg_ckm_factor": 3.0,
    "pdg_j_factor": 5.0,
    "base_seed": 20260506
  },
  "elapsed_seconds": 955.1066992282867,
  "tiles": [
    {
      "M_KK_GeV": 3000.0,
      "Lambda_IR_GeV": 1225.1398701351736,
      "epsilon": 1.0034727415309802e-16,
      "n_draws": 200000,
      "n_ok": 200000,
      "n_pdg_pass": 8268,
      "pdg_pass_fraction": 0.04134,
      "f_Q": [
        0.0030004226724036393,
        0.020132985544753543,
        0.5477225575741002
      ],
      "f_u": [
        0.001102306918328204,
        0.11650313197375224,
        1.0
      ],
      "f_d": [
        0.001102306918328204,
        0.005766703119717063,
        0.03589933367875972
      ],
      "max_ratio_percentiles_all": {
        "p05": 1.304962503958398,
        "p25": 7.029177588818469,
        "p50": 18.36216243909353,
        "p75": 45.794373410101784,
        "p95": 171.27486783280025
      },
      "max_ratio_percentiles_pdg": {
        "p05": 1.262124604889261,
        "p25": 7.471380737126426,
        "p50": 18.332150445547406,
        "p75": 41.08053206673669,
        "p95": 135.38579252516095
      },
      "per_system_pass_fraction_pdg": {
        "epsilon_K": 0.038582486695694244,
        "Delta_m_K": 1.0,
        "Delta_m_Bd": 1.0,
        "Delta_m_Bs": 1.0,
        "Delta_m_D0": 0.9951620706337687
      },
      "per_system_pass_fraction_all": {
        "epsilon_K": 0.040755,
        "Delta_m_K": 0.999915,
        "Delta_m_Bd": 0.998,
        "Delta_m_Bs": 0.99454,
        "Delta_m_D0": 0.9175
      }
    },
    {
      "M_KK_GeV": 5000.0,
      "Lambda_IR_GeV": 2041.8997835586229,
      "epsilon": 1.6724545692183002e-16,
      "n_draws": 200000,
      "n_ok": 200000,
      "n_pdg_pass": 13263,
      "pdg_pass_fraction": 0.066315,
      "f_Q": [
        0.003206453246840839,
        0.020870402809086114,
        0.5477225575988237
      ],
      "f_u": [
        0.001196185754197156,
        0.11731939694841162,
        1.0
      ],
      "f_d": [
        0.001196185754197156,
        0.006100125421390605,
        0.03685295885771162
      ],
      "max_ratio_percentiles_all": {
        "p05": 0.5920298660135526,
        "p25": 3.2517568642903907,
        "p50": 8.399573638273564,
        "p75": 20.821246996933404,
        "p95": 76.96498117476656
      },
      "max_ratio_percentiles_pdg": {
        "p05": 0.6002480796499572,
        "p25": 3.1825494337147235,
        "p50": 7.6991657935884605,
        "p75": 17.065746512239045,
        "p95": 53.12200235022914
      },
      "per_system_pass_fraction_pdg": {
        "epsilon_K": 0.08308829073361984,
        "Delta_m_K": 1.0,
        "Delta_m_Bd": 1.0,
        "Delta_m_Bs": 1.0,
        "Delta_m_D0": 0.9999246022770112
      },
      "per_system_pass_fraction_all": {
        "epsilon_K": 0.087095,
        "Delta_m_K": 0.999995,
        "Delta_m_Bd": 0.99989,
        "Delta_m_Bs": 0.99993,
        "Delta_m_D0": 0.97397
      }
    },
    {
      "M_KK_GeV": 7000.0,
      "Lambda_IR_GeV": 2858.659696982072,
      "epsilon": 2.3414363969056204e-16,
      "n_draws": 200000,
      "n_ok": 200000,
      "n_pdg_pass": 16451,
      "pdg_pass_fraction": 0.082255,
      "f_Q": [
        0.0033498327685149696,
        0.021371006480895516,
        0.5477225576197754
      ],
      "f_u": [
        0.001262348686265633,
        0.11786652440411592,
        1.0
      ],
      "f_d": [
        0.001262348686265633,
        0.006330215461689808,
        0.03749563362641764
      ],
      "max_ratio_percentiles_all": {
        "p05": 0.3579266487170556,
        "p25": 1.9302001811667169,
        "p50": 4.992027018471451,
        "p75": 12.318742105936296,
        "p95": 45.33448717174143
      },
      "max_ratio_percentiles_pdg": {
        "p05": 0.33082539072149614,
        "p25": 1.8064714414523317,
        "p50": 4.3722095338466085,
        "p75": 9.580085900652161,
        "p95": 29.75146974149655
      },
      "per_system_pass_fraction_pdg": {
        "epsilon_K": 0.14752902559114947,
        "Delta_m_K": 1.0,
        "Delta_m_Bd": 1.0,
        "Delta_m_Bs": 1.0,
        "Delta_m_D0": 1.0
      },
      "per_system_pass_fraction_all": {
        "epsilon_K": 0.13994,
        "Delta_m_K": 1.0,
        "Delta_m_Bd": 0.99998,
        "Delta_m_Bs": 1.0,
        "Delta_m_D0": 0.989915
      }
    },
    {
      "M_KK_GeV": 10000.0,
      "Lambda_IR_GeV": 4083.7995671172457,
      "epsilon": 3.3449091384366005e-16,
      "n_draws": 200000,
      "n_ok": 200000,
      "n_pdg_pass": 19954,
      "pdg_pass_fraction": 0.09977,
      "f_Q": [
        0.0035088289920410147,
        0.021914959291988025,
        0.5477225576471245
      ],
      "f_u": [
        0.0013364844419359082,
        0.11845494349736,
        1.0
      ],
      "f_d": [
        0.0013364844419359082,
        0.006583611046548584,
        0.038189820652857205
      ],
      "max_ratio_percentiles_all": {
        "p05": 0.20887265828626733,
        "p25": 1.1233565245682915,
        "p50": 2.901620189445145,
        "p75": 7.123138243436456,
        "p95": 26.050208085766602
      },
      "max_ratio_percentiles_pdg": {
        "p05": 0.19265380881862165,
        "p25": 1.027835598096173,
        "p50": 2.4824046020873918,
        "p75": 5.423026556841526,
        "p95": 16.710450496900677
      },
      "per_system_pass_fraction_pdg": {
        "epsilon_K": 0.24351007316828707,
        "Delta_m_K": 1.0,
        "Delta_m_Bd": 1.0,
        "Delta_m_Bs": 1.0,
        "Delta_m_D0": 1.0
      },
      "per_system_pass_fraction_all": {
        "epsilon_K": 0.22716,
        "Delta_m_K": 1.0,
        "Delta_m_Bd": 1.0,
        "Delta_m_Bs": 1.0,
        "Delta_m_D0": 0.996685
      }
    },
    {
      "M_KK_GeV": 15000.0,
      "Lambda_IR_GeV": 6125.699350675869,
      "epsilon": 5.017363707654901e-16,
      "n_draws": 200000,
      "n_ok": 200000,
      "n_pdg_pass": 23085,
      "pdg_pass_fraction": 0.115425,
      "f_Q": [
        0.0036987617077780086,
        0.022550391742525808,
        0.5477225576862234
      ],
      "f_u": [
        0.0014260634359602594,
        0.11913467716811964,
        1.0
      ],
      "f_d": [
        0.0014260634359602594,
        0.006884021010590199,
        0.03899549524712501
      ],
      "max_ratio_percentiles_all": {
        "p05": 0.11013402807687513,
        "p25": 0.6040754404551563,
        "p50": 1.557171445693808,
        "p75": 3.817321565328933,
        "p95": 13.804391704476926
      },
      "max_ratio_percentiles_pdg": {
        "p05": 0.09677346976631421,
        "p25": 0.5378544438441675,
        "p50": 1.3067381070168325,
        "p75": 2.845323563898635,
        "p95": 8.384478589837116
      },
      "per_system_pass_fraction_pdg": {
        "epsilon_K": 0.4143816330950834,
        "Delta_m_K": 1.0,
        "Delta_m_Bd": 1.0,
        "Delta_m_Bs": 1.0,
        "Delta_m_D0": 1.0
      },
      "per_system_pass_fraction_all": {
        "epsilon_K": 0.372145,
        "Delta_m_K": 1.0,
        "Delta_m_Bd": 1.0,
        "Delta_m_Bs": 1.0,
        "Delta_m_D0": 0.998945
      }
    },
    {
      "M_KK_GeV": 20000.0,
      "Lambda_IR_GeV": 8167.599134234491,
      "epsilon": 6.689818276873201e-16,
      "n_draws": 200000,
      "n_ok": 200000,
      "n_pdg_pass": 25229,
      "pdg_pass_fraction": 0.126145,
      "f_Q": [
        0.003839725371328523,
        0.0230125445718976,
        0.5477225577203348
      ],